timeStamp,Days,Datetime,value,clone
1559779200,0,2019-06-06,4.099,4.599
1559865600,1,2019-06-07,4.0858,4.5858
1559952000,2,2019-06-08,4.0458,4.5458
1560038400,3,2019-06-09,4.0538,4.5538
1560124800,4,2019-06-10,4.0142,4.5142
1560211200,5,2019-06-11,3.9662,4.4662
1560297600,6,2019-06-12,3.9154,4.4154
1560384000,7,2019-06-13,3.8942,4.3942
1560470400,8,2019-06-14,3.8892,4.3892
1560556800,9,2019-06-15,3.5108,4.0108
1560643200,10,2019-06-16,3.8025,4.3025
1560729600,11,2019-06-17,3.82,4.32
1560816000,12,2019-06-18,3.8192,4.3192
1560902400,13,2019-06-19,3.8008,4.3008
1560988800,14,2019-06-20,3.8021,4.3021
1561075200,15,2019-06-21,3.8033,4.3033
1561161600,16,2019-06-22,3.7612,4.2612
1561248000,17,2019-06-23,3.7396,4.2396
1561334400,18,2019-06-24,3.7058,4.2058
1561420800,19,2019-06-25,3.7108,4.2108
1561507200,20,2019-06-26,3.6879,4.1879
1561593600,21,2019-06-27,3.67,4.17
1561680000,22,2019-06-28,3.6437,4.1437
1561766400,23,2019-06-29,3.6096,4.1096
1561852800,24,2019-06-30,3.5654,4.0654
1561939200,25,2019-07-01,3.5279,4.0279
1562025600,26,2019-07-02,3.5213,4.0213
1562112000,27,2019-07-03,3.5075,4.0075
1562198400,28,2019-07-04,3.5038,4.0038
1562284800,29,2019-07-05,3.5171,4.0171
1562371200,30,2019-07-06,3.5233,4.0233
1562457600,31,2019-07-07,3.4971,3.9971
1562544000,32,2019-07-08,3.4733,3.9733
1562630400,33,2019-07-09,3.4737,3.9737
1562716800,34,2019-07-10,3.4804,3.9804
1562803200,35,2019-07-11,3.4625,3.9625
1562889600,36,2019-07-12,3.43,3.93
1562976000,37,2019-07-13,3.4648,3.9648
1563062400,38,2019-07-14,3.4997,3.9997
1563148800,39,2019-07-15,3.5345,4.0345
1563235200,40,2019-07-16,3.6033,4.1033
1563321600,41,2019-07-17,3.5667,4.0667
1563408000,42,2019-07-18,3.5342,4.0342
1563494400,43,2019-07-19,3.5158,4.0158
1563580800,44,2019-07-20,3.5179,4.0179
1563667200,45,2019-07-21,3.5104,4.0104
1563753600,46,2019-07-22,3.5158,4.0158
1563840000,47,2019-07-23,3.5417,4.0417
1563926400,48,2019-07-24,3.5096,4.0096
1564012800,49,2019-07-25,3.476,3.976
1564099200,50,2019-07-26,3.4842,3.9842
1564185600,51,2019-07-27,3.4829,3.9829
1564272000,52,2019-07-28,3.465,3.965
1564358400,53,2019-07-29,3.4358,3.9358
1564444800,54,2019-07-30,3.1883,3.6883
1564531200,55,2019-07-31,3.5054,4.0054
1564617600,56,2019-08-01,3.5596,4.0596
1564704000,57,2019-08-02,3.4129,3.9129
1564790400,58,2019-08-03,3.3775,3.8775
1564876800,59,2019-08-04,3.5154,4.0154
1564963200,60,2019-08-05,3.4929,3.9929
1565049600,61,2019-08-06,3.4683,3.9683
1565136000,62,2019-08-07,3.4754,3.9754
1565222400,63,2019-08-08,3.5542,4.0542
1565308800,64,2019-08-09,3.5479,4.0479
1565395200,65,2019-08-10,3.53,4.03
1565481600,66,2019-08-11,3.5487,4.0487
1565568000,67,2019-08-12,3.5488,4.0488
1565654400,68,2019-08-13,3.5621,4.0621
1565740800,69,2019-08-14,3.5729,4.0729
1565827200,70,2019-08-15,3.5817,4.0817
1565913600,71,2019-08-16,3.5467,4.0467
1566000000,72,2019-08-17,3.5333,4.0333
1566086400,73,2019-08-18,3.5175,4.0175
1566172800,74,2019-08-19,3.4917,3.9917
1566259200,75,2019-08-20,3.4971,3.9971
1566345600,76,2019-08-21,3.3763,3.8763
1566432000,77,2019-08-22,3.6246,4.1246
1566518400,78,2019-08-23,3.6546,4.1546
1566604800,79,2019-08-24,3.4779,3.9779
1566691200,80,2019-08-25,3.5667,4.0667
1566777600,81,2019-08-26,3.5337,4.0337
1566864000,82,2019-08-27,3.5021,4.0021
1566950400,83,2019-08-28,3.4958,3.9958
1567036800,84,2019-08-29,3.4912,3.9912
1567123200,85,2019-08-30,3.49,3.99
1567209600,86,2019-08-31,3.4825,3.9825
1567296000,87,2019-09-01,3.4842,3.9842
1567382400,88,2019-09-02,3.4808,3.9808
1567468800,89,2019-09-03,3.5142,4.0142
1567555200,90,2019-09-04,3.5312,4.0312
1567641600,91,2019-09-05,3.5283,4.0283
1567728000,92,2019-09-06,3.0794,3.5794
1567814400,93,2019-09-07,3.48,3.98
1567900800,94,2019-09-08,3.4787,3.9787
1567987200,95,2019-09-09,3.4838,3.9838
1568073600,96,2019-09-10,3.6046,4.1046
1568160000,97,2019-09-11,3.6075,4.1075
1568246400,98,2019-09-12,3.6246,4.1246
1568332800,99,2019-09-13,3.6146,4.1146
1568419200,100,2019-09-14,3.56,4.06
1568505600,101,2019-09-15,3.385,3.885
1568592000,102,2019-09-16,3.0072,3.5072
1568678400,103,2019-09-17,3.4983,3.9983
1568764800,104,2019-09-18,3.5067,4.0067
1568851200,105,2019-09-19,3.4933,3.9933
1568937600,106,2019-09-20,3.49,3.99
1569024000,107,2019-09-21,3.49,3.99
1569110400,108,2019-09-22,3.4804,3.9804
1569196800,109,2019-09-23,3.4658,3.9658
1569283200,110,2019-09-24,3.44,3.94
1569369600,111,2019-09-25,3.4571,3.9571
1569456000,112,2019-09-26,3.357,3.857
1569542400,113,2019-09-27,3.5433,4.0433
1569628800,114,2019-09-28,3.52,4.02
1569715200,115,2019-09-29,3.3679,3.8679
1569801600,116,2019-09-30,3.5054,4.0054
1569888000,117,2019-10-01,3.5308,4.0308
1569974400,118,2019-10-02,3.4562,3.9562
1570060800,119,2019-10-03,3.3804,3.8804
1570147200,120,2019-10-04,3.7279,4.2279
1570233600,121,2019-10-05,3.4629,3.9629
1570320000,122,2019-10-06,3.8237,4.3237
1570406400,123,2019-10-07,3.845,4.345
1570492800,124,2019-10-08,3.8846,4.3846
1570579200,125,2019-10-09,3.9492,4.4492
1570665600,126,2019-10-10,4.0063,4.5063
1570752000,127,2019-10-11,4.0429,4.5429
1570838400,128,2019-10-12,4.0746,4.5746
1570924800,129,2019-10-13,4.0888,4.5888
1571011200,130,2019-10-14,4.0675,4.5675
1571097600,131,2019-10-15,4.0525,4.5525
1571184000,132,2019-10-16,3.5321,4.0321
1571270400,133,2019-10-17,4.0329,4.5329
1571356800,134,2019-10-18,4.03,4.53
1571443200,135,2019-10-19,4.0025,4.5025
1571529600,136,2019-10-20,4.03,4.53
1571616000,137,2019-10-21,4.0775,4.5775
1571702400,138,2019-10-22,4.0704,4.5704
1571788800,139,2019-10-23,3.8667,4.3667
1571875200,140,2019-10-24,3.9879,4.4879
1571961600,141,2019-10-25,3.755,4.255
1572048000,142,2019-10-26,3.9079,4.4079
1572134400,143,2019-10-27,3.8733,4.3733
1572220800,144,2019-10-28,3.88,4.38
1572307200,145,2019-10-29,3.8867,4.3867
1572393600,146,2019-10-30,4.0115,4.5115
1572480000,147,2019-10-31,4.0208,4.5208
1572566400,148,2019-11-01,3.9529,4.4529
1572652800,149,2019-11-02,3.8096,4.3096
1572739200,150,2019-11-03,3.7421,4.2421
1572825600,151,2019-11-04,3.7237,4.2237
1572912000,152,2019-11-05,3.7171,4.2171
1572998400,153,2019-11-06,3.7292,4.2292
1573084800,154,2019-11-07,3.7396,4.2396
1573171200,155,2019-11-08,3.72,4.22
1573257600,156,2019-11-09,3.6838,4.1838
1573344000,157,2019-11-10,3.6792,4.1792
1573430400,158,2019-11-11,3.6675,4.1675
1573516800,159,2019-11-12,3.6938,4.1938
1573603200,160,2019-11-13,3.7,4.2
1573689600,161,2019-11-14,3.7838,4.2838
1573776000,162,2019-11-15,3.8033,4.3033
1573862400,163,2019-11-16,3.8287,4.3287
1573948800,164,2019-11-17,3.8237,4.3237
1574035200,165,2019-11-18,3.8079,4.3079
1574121600,166,2019-11-19,3.8092,4.3092
1574208000,167,2019-11-20,3.8087,4.3087
1574294400,168,2019-11-21,3.8012,4.3012
1574380800,169,2019-11-22,3.7708,4.2708
1574467200,170,2019-11-23,3.7496,4.2496
1574553600,171,2019-11-24,3.74,4.24
1574640000,172,2019-11-25,3.2725,3.7725
1574726400,173,2019-11-26,3.3263,3.8263
1574812800,174,2019-11-27,3.3802,3.8802
1574899200,175,2019-11-28,3.434,3.934
1574985600,176,2019-11-29,3.7138,4.2138
1575072000,177,2019-11-30,3.6804,4.1804
1575158400,178,2019-12-01,3.7062,4.2062
1575244800,179,2019-12-02,3.7175,4.2175
1575331200,180,2019-12-03,3.6867,4.1867
1575417600,181,2019-12-04,3.6621,4.1621
1575504000,182,2019-12-05,3.6475,4.1475
1575590400,183,2019-12-06,3.64,4.14
1575676800,184,2019-12-07,3.6504,4.1504
1575763200,185,2019-12-08,3.6825,4.1825
1575849600,186,2019-12-09,3.6446,4.1446
1575936000,187,2019-12-10,3.5358,4.0358
1576022400,188,2019-12-11,3.6929,4.1929
1576108800,189,2019-12-12,3.7121,4.2121
1576195200,190,2019-12-13,3.075,3.575
1576281600,191,2019-12-14,3.7071,4.2071
1576368000,192,2019-12-15,3.7038,4.2038
1576454400,193,2019-12-16,3.675,4.175
1576540800,194,2019-12-17,3.7342,4.2342
1576627200,195,2019-12-18,3.7788,4.2788
1576713600,196,2019-12-19,3.8229,4.3229
1576800000,197,2019-12-20,3.8163,4.3163
1576886400,198,2019-12-21,3.8162,4.3162
1576972800,199,2019-12-22,3.8329,4.3329
1577059200,200,2019-12-23,3.8425,4.3425
1577145600,201,2019-12-24,3.8638,4.3638
1577232000,202,2019-12-25,3.8838,4.3838
1577318400,203,2019-12-26,3.9167,4.4167
1577404800,204,2019-12-27,3.9346,4.4346
1577491200,205,2019-12-28,3.9446,4.4446
1577577600,206,2019-12-29,3.9421,4.4421
1577664000,207,2019-12-30,3.8975,4.3975
1577750400,208,2019-12-31,3.8637,4.3637
1577836800,209,2020-01-01,3.8467,4.3467
1577923200,210,2020-01-02,3.8375,4.3375
1578009600,211,2020-01-03,3.8275,4.3275
1578096000,212,2020-01-04,3.8046,4.3046
1578182400,213,2020-01-05,3.7796,4.2796
1578268800,214,2020-01-06,3.7636,4.2636
1578355200,215,2020-01-07,3.6288,4.1288
1578441600,216,2020-01-08,3.7713,4.2713
1578528000,217,2020-01-09,3.7846,4.2846
1578614400,218,2020-01-10,3.7742,4.2742
1578700800,219,2020-01-11,3.7758,4.2758
1578787200,220,2020-01-12,3.8396,4.3396
1578873600,221,2020-01-13,2.5821,3.0821
1578960000,222,2020-01-14,3.7133,4.2133
1579046400,223,2020-01-15,3.8858,4.3858
1579132800,224,2020-01-16,1.9217,2.4217
1579219200,225,2020-01-17,3.5,4.0
1579305600,226,2020-01-18,3.8058,4.3058
1579392000,227,2020-01-19,3.7967,4.2967
1579478400,228,2020-01-20,3.78,4.28
1579564800,229,2020-01-21,3.7596,4.2596
1579651200,230,2020-01-22,3.7338,4.2338
1579737600,231,2020-01-23,3.7125,4.2125
1579824000,232,2020-01-24,3.6946,4.1946
1579910400,233,2020-01-25,3.6758,4.1758
1579996800,234,2020-01-26,3.6521,4.1521
1580083200,235,2020-01-27,3.6367,4.1367
1580169600,236,2020-01-28,3.64,4.14
1580256000,237,2020-01-29,2.4267,2.9267
1580342400,238,2020-01-30,1.2133,1.7133
1580428800,239,2020-01-31,0.0,0.5
1580515200,240,2020-02-01,0.3651,0.8651
1580601600,241,2020-02-02,0.7302,1.2302
1580688000,242,2020-02-03,1.0954,1.5954
1580774400,243,2020-02-04,1.4605,1.9605
1580860800,244,2020-02-05,1.8256,2.3256
1580947200,245,2020-02-06,2.1907,2.6907
1581033600,246,2020-02-07,2.5559,3.0559
1581120000,247,2020-02-08,2.921,3.421
1581206400,248,2020-02-09,3.2861,3.7861
1581292800,249,2020-02-10,3.6512,4.1512
1581379200,250,2020-02-11,4.0164,4.5164
1581465600,251,2020-02-12,4.4496,4.9496
1581552000,252,2020-02-13,4.5158,5.0158
1581638400,253,2020-02-14,4.5342,5.0342
1581724800,254,2020-02-15,4.515,5.015
1581811200,255,2020-02-16,4.5042,5.0042
1581897600,256,2020-02-17,4.4838,4.9838
1581984000,257,2020-02-18,4.4633,4.9633
1582070400,258,2020-02-19,4.4621,4.9621
1582156800,259,2020-02-20,4.4662,4.9662
1582243200,260,2020-02-21,4.4771,4.9771
1582329600,261,2020-02-22,4.4813,4.9813
1582416000,262,2020-02-23,4.4713,4.9713
1582502400,263,2020-02-24,4.4888,4.9888
1582588800,264,2020-02-25,4.6417,5.1417
1582675200,265,2020-02-26,4.8229,5.3229
1582761600,266,2020-02-27,4.905,5.405
1582848000,267,2020-02-28,4.9613,5.4613
1582934400,268,2020-02-29,4.9617,5.4617
1583020800,269,2020-03-01,4.925,5.425
1583107200,270,2020-03-02,4.895,5.395
1583193600,271,2020-03-03,4.8775,5.3775
1583280000,272,2020-03-04,4.905,5.405
1583366400,273,2020-03-05,4.9346,5.4346
1583452800,274,2020-03-06,4.95,5.45
1583539200,275,2020-03-07,4.9488,5.4488
1583625600,276,2020-03-08,4.9246,5.4246
1583712000,277,2020-03-09,4.8608,5.3608
1583798400,278,2020-03-10,4.8017,5.3017
1583884800,279,2020-03-11,4.7717,5.2717
1583971200,280,2020-03-12,4.8258,5.3258
1584057600,281,2020-03-13,5.0175,5.5175
1584144000,282,2020-03-14,5.1375,5.6375
1584230400,283,2020-03-15,5.1608,5.6608
1584316800,284,2020-03-16,5.0908,5.5908
1584403200,285,2020-03-17,5.0262,5.5262
1584489600,286,2020-03-18,4.9036,5.4036
1584576000,287,2020-03-19,4.8387,5.3387
1584662400,288,2020-03-20,4.7629,5.2629
1584748800,289,2020-03-21,4.6929,5.1929
1584835200,290,2020-03-22,4.6133,5.1133
1584921600,291,2020-03-23,4.5796,5.0796
1585008000,292,2020-03-24,4.5604,5.0604
1585094400,293,2020-03-25,4.5158,5.0158
1585180800,294,2020-03-26,4.4504,4.9504
1585267200,295,2020-03-27,4.4004,4.9004
1585353600,296,2020-03-28,4.3654,4.8654
1585440000,297,2020-03-29,4.3325,4.8325
1585526400,298,2020-03-30,4.2892,4.7892
1585612800,299,2020-03-31,4.2554,4.7554
1585699200,300,2020-04-01,4.2258,4.7258
1585785600,301,2020-04-02,4.2013,4.7013
1585872000,302,2020-04-03,3.8137,4.3137
1585958400,303,2020-04-04,3.095,3.595
1586044800,304,2020-04-05,4.0942,4.5942
1586131200,305,2020-04-06,4.0529,4.5529
1586217600,306,2020-04-07,3.8521,4.3521
1586304000,307,2020-04-08,3.9992,4.4992
1586390400,308,2020-04-09,3.9867,4.4867
1586476800,309,2020-04-10,3.9867,4.4867
1586563200,310,2020-04-11,3.9904,4.4904
1586649600,311,2020-04-12,3.9667,4.4667
1586736000,312,2020-04-13,3.9571,4.4571
1586822400,313,2020-04-14,3.9362,4.4362
1586908800,314,2020-04-15,3.9238,4.4238
1586995200,315,2020-04-16,3.9148,4.4148
1587081600,316,2020-04-17,3.9042,4.4042
1587168000,317,2020-04-18,3.8729,4.3729
1587254400,318,2020-04-19,3.8438,4.3438
1587340800,319,2020-04-20,3.8517,4.3517
1587427200,320,2020-04-21,3.8483,4.3483
1587513600,321,2020-04-22,3.8446,4.3446
1587600000,322,2020-04-23,3.8138,4.3138
1587686400,323,2020-04-24,3.7979,4.2979
1587772800,324,2020-04-25,3.7608,4.2608
1587859200,325,2020-04-26,3.7375,4.2375
1587945600,326,2020-04-27,3.73,4.23
1588032000,327,2020-04-28,3.7279,4.2279
1588118400,328,2020-04-29,3.7162,4.2162
1588204800,329,2020-04-30,3.71,4.21
1588291200,330,2020-05-01,3.7642,4.2642
1588377600,331,2020-05-02,3.7538,4.2538
1588464000,332,2020-05-03,3.7642,4.2642
1588550400,333,2020-05-04,3.7512,4.2512
1588636800,334,2020-05-05,3.74,4.24
1588723200,335,2020-05-06,3.7333,4.2333
1588809600,336,2020-05-07,3.7275,4.2275
1588896000,337,2020-05-08,3.7179,4.2179
1588982400,338,2020-05-09,3.6921,4.1921
1589068800,339,2020-05-10,3.6508,4.1508
1589155200,340,2020-05-11,3.6271,4.1271
1589241600,341,2020-05-12,3.6808,4.1808
1589328000,342,2020-05-13,3.8042,4.3042
1589414400,343,2020-05-14,3.8446,4.3446
1589500800,344,2020-05-15,3.8254,4.3254
1589587200,345,2020-05-16,3.7892,4.2892
1589673600,346,2020-05-17,3.7583,4.2583
1589760000,347,2020-05-18,3.7404,4.2404
1589846400,348,2020-05-19,3.7246,4.2246
1589932800,349,2020-05-20,3.6954,4.1954
1590019200,350,2020-05-21,3.6617,4.1617
1590105600,351,2020-05-22,3.6071,4.1071
1590192000,352,2020-05-23,3.5925,4.0925
1590278400,353,2020-05-24,3.6488,4.1488
1590364800,354,2020-05-25,3.6717,4.1717
1590451200,355,2020-05-26,3.6992,4.1992
1590537600,356,2020-05-27,3.6879,4.1879
1590624000,357,2020-05-28,3.71,4.21
1590710400,358,2020-05-29,3.7092,4.2092
1590796800,359,2020-05-30,3.6763,4.1763
1590883200,360,2020-05-31,3.6663,4.1663
1590969600,361,2020-06-01,3.6542,4.1542
1591056000,362,2020-06-02,3.6058,4.1058
1591142400,363,2020-06-03,3.6,4.1
1591228800,364,2020-06-04,3.5975,4.0975
1591315200,365,2020-06-05,3.6117,4.1117
1591401600,366,2020-06-06,3.6962,4.1962
1591488000,367,2020-06-07,3.7096,4.2096
1591574400,368,2020-06-08,3.7162,4.2162
1591660800,369,2020-06-09,3.7521,4.2521
1591747200,370,2020-06-10,3.8942,4.3942
1591833600,371,2020-06-11,3.9729,4.4729
1591920000,372,2020-06-12,3.9471,4.4471
1592006400,373,2020-06-13,3.9767,4.4767
1592092800,374,2020-06-14,4.0192,4.5192
1592179200,375,2020-06-15,4.0596,4.5596
1592265600,376,2020-06-16,4.2787,4.7787
1592352000,377,2020-06-17,4.3329,4.8329
1592438400,378,2020-06-18,4.3729,4.8729
1592524800,379,2020-06-19,4.4596,4.9596
1592611200,380,2020-06-20,4.5921,5.0921
1592697600,381,2020-06-21,4.7958,5.2958
1592784000,382,2020-06-22,5.0487,5.5487
1592870400,383,2020-06-23,5.2321,5.7321
1592956800,384,2020-06-24,5.325,5.825
1593043200,385,2020-06-25,5.2575,5.7575
1593129600,386,2020-06-26,5.1262,5.6262
1593216000,387,2020-06-27,5.015,5.515
1593302400,388,2020-06-28,4.9104,5.4104
1593388800,389,2020-06-29,4.8233,5.3233
1593475200,390,2020-06-30,4.8425,5.3425
1593561600,391,2020-07-01,5.0796,5.5796
1593648000,392,2020-07-02,5.2492,5.7492
1593734400,393,2020-07-03,5.2625,5.7625
1593820800,394,2020-07-04,5.1521,5.6521
1593907200,395,2020-07-05,5.0708,5.5708
1593993600,396,2020-07-06,4.9538,5.4538
1594080000,397,2020-07-07,4.7721,5.2721
1594166400,398,2020-07-08,4.5862,5.0862
1594252800,399,2020-07-09,4.4296,4.9296
1594339200,400,2020-07-10,4.35,4.85
1594425600,401,2020-07-11,4.2933,4.7933
1594512000,402,2020-07-12,4.2029,4.7029
1594598400,403,2020-07-13,4.0938,4.5938
1594684800,404,2020-07-14,4.0404,4.5404
1594771200,405,2020-07-15,4.0079,4.5079
1594857600,406,2020-07-16,4.0183,4.5183
1594944000,407,2020-07-17,4.0092,4.5092
1595030400,408,2020-07-18,3.9996,4.4996
1595116800,409,2020-07-19,3.9929,4.4929
1595203200,410,2020-07-20,4.02,4.52
1595289600,411,2020-07-21,4.01,4.51
1595376000,412,2020-07-22,4.0767,4.5767
1595462400,413,2020-07-23,4.0967,4.5967
1595548800,414,2020-07-24,4.0792,4.5792
1595635200,415,2020-07-25,4.0546,4.5546
1595721600,416,2020-07-26,4.0371,4.5371
1595808000,417,2020-07-27,3.955,4.455
1595894400,418,2020-07-28,3.9125,4.4125
1595980800,419,2020-07-29,3.8933,4.3933
1596067200,420,2020-07-30,3.8788,4.3788
1596153600,421,2020-07-31,3.8225,4.3225
1596240000,422,2020-08-01,3.7621,4.2621
1596326400,423,2020-08-02,3.7062,4.2062
1596412800,424,2020-08-03,3.7112,4.2112
1596499200,425,2020-08-04,3.8396,4.3396
1596585600,426,2020-08-05,4.0104,4.5104
1596672000,427,2020-08-06,4.1908,4.6908
1596758400,428,2020-08-07,4.3133,4.8133
1596844800,429,2020-08-08,4.3392,4.8392
1596931200,430,2020-08-09,4.2587,4.7587
1597017600,431,2020-08-10,4.1729,4.6729
1597104000,432,2020-08-11,4.1258,4.6258
1597190400,433,2020-08-12,4.1412,4.6412
1597276800,434,2020-08-13,4.1254,4.6254
1597363200,435,2020-08-14,4.0908,4.5908
1597449600,436,2020-08-15,4.0517,4.5517
1597536000,437,2020-08-16,4.0079,4.5079
1597622400,438,2020-08-17,3.9946,4.4946
1597708800,439,2020-08-18,3.9492,4.4492
1597795200,440,2020-08-19,3.965,4.465
1597881600,441,2020-08-20,4.0383,4.5383
1597968000,442,2020-08-21,4.0579,4.5579
1598054400,443,2020-08-22,4.0375,4.5375
1598140800,444,2020-08-23,3.9458,4.4458
1598227200,445,2020-08-24,3.8221,4.3221
1598313600,446,2020-08-25,3.7942,4.2942
1598400000,447,2020-08-26,3.8129,4.3129
1598486400,448,2020-08-27,3.83,4.33
1598572800,449,2020-08-28,3.8183,4.3183
1598659200,450,2020-08-29,3.7275,4.2275
1598745600,451,2020-08-30,3.7325,4.2325
1598832000,452,2020-08-31,3.7608,4.2608
1598918400,453,2020-09-01,3.8792,4.3792
1599004800,454,2020-09-02,3.9875,4.4875
1599091200,455,2020-09-03,4.055,4.555
1599177600,456,2020-09-04,4.1533,4.6533
1599264000,457,2020-09-05,3.975,4.475
1599350400,458,2020-09-06,4.075,4.575
1599436800,459,2020-09-07,3.9975,4.4975
1599523200,460,2020-09-08,4.0088,4.5088
1599609600,461,2020-09-09,4.0325,4.5325
1599696000,462,2020-09-10,3.9896,4.4896
1599782400,463,2020-09-11,3.9383,4.4383
1599868800,464,2020-09-12,3.8996,4.3996
1599955200,465,2020-09-13,3.8458,4.3458
1600041600,466,2020-09-14,3.8254,4.3254
1600128000,467,2020-09-15,3.8354,4.3354
1600214400,468,2020-09-16,3.8775,4.3775
1600300800,469,2020-09-17,3.8683,4.3683
1600387200,470,2020-09-18,3.8083,4.3083
1600473600,471,2020-09-19,3.7512,4.2512
1600560000,472,2020-09-20,3.7254,4.2254
1600646400,473,2020-09-21,3.6983,4.1983
1600732800,474,2020-09-22,3.685,4.185
1600819200,475,2020-09-23,3.6796,4.1796
1600905600,476,2020-09-24,3.6462,4.1462
1600992000,477,2020-09-25,3.635,4.135
1601078400,478,2020-09-26,3.6829,4.1829
1601164800,479,2020-09-27,3.9108,4.4108
1601251200,480,2020-09-28,4.0296,4.5296
1601337600,481,2020-09-29,4.0767,4.5767
1601424000,482,2020-09-30,4.1046,4.6046
1601510400,483,2020-10-01,4.2154,4.7154
1601596800,484,2020-10-02,4.3663,4.8663
1601683200,485,2020-10-03,4.3792,4.8792
1601769600,486,2020-10-04,4.3021,4.8021
1601856000,487,2020-10-05,4.2267,4.7267
1601942400,488,2020-10-06,4.2175,4.7175
1602028800,489,2020-10-07,4.2158,4.7158
1602115200,490,2020-10-08,4.2471,4.7471
1602201600,491,2020-10-09,4.2608,4.7608
1602288000,492,2020-10-10,4.1975,4.6975
1602374400,493,2020-10-11,4.2012,4.7012
1602460800,494,2020-10-12,4.1779,4.6779
1602547200,495,2020-10-13,4.1987,4.6987
1602633600,496,2020-10-14,4.3158,4.8158
1602720000,497,2020-10-15,4.5908,5.0908
1602806400,498,2020-10-16,4.9088,5.4088
1602892800,499,2020-10-17,5.0621,5.5621
1602979200,500,2020-10-18,5.105,5.605
1603065600,501,2020-10-19,5.0654,5.5654
1603152000,502,2020-10-20,5.0275,5.5275
1603238400,503,2020-10-21,4.9829,5.4829
1603324800,504,2020-10-22,4.9317,5.4317
1603411200,505,2020-10-23,4.8829,5.3829
1603497600,506,2020-10-24,4.8554,5.3554
1603584000,507,2020-10-25,4.8125,5.3125
1603670400,508,2020-10-26,4.7346,5.2346
1603756800,509,2020-10-27,4.6883,5.1883
1603843200,510,2020-10-28,4.685,5.185
1603929600,511,2020-10-29,4.69,5.19
1604016000,512,2020-10-30,4.705,5.205
1604102400,513,2020-10-31,4.7454,5.2454
1604188800,514,2020-11-01,4.4325,4.9325
1604275200,515,2020-11-02,4.0417,4.5417
1604361600,516,2020-11-03,4.875,5.375
1604448000,517,2020-11-04,5.0,5.5
1604534400,518,2020-11-05,5.0,5.5
1604620800,519,2020-11-06,5.0,5.5
1604707200,520,2020-11-07,5.0,5.5
1604793600,521,2020-11-08,5.0,5.5
1604880000,522,2020-11-09,5.1221,5.6221
1604966400,523,2020-11-10,5.2425,5.7425
1605052800,524,2020-11-11,5.2308,5.7308
1605139200,525,2020-11-12,5.2038,5.7038
1605225600,526,2020-11-13,5.145,5.645
1605312000,527,2020-11-14,5.0733,5.5733
1605398400,528,2020-11-15,4.9904,5.4904
1605484800,529,2020-11-16,4.8938,5.3938
1605571200,530,2020-11-17,4.8092,5.3092
1605657600,531,2020-11-18,4.7558,5.2558
1605744000,532,2020-11-19,4.6983,5.1983
1605830400,533,2020-11-20,4.6112,5.1112
1605916800,534,2020-11-21,4.5312,5.0312
1606003200,535,2020-11-22,4.4362,4.9362
1606089600,536,2020-11-23,4.3091,4.8091
1606176000,537,2020-11-24,4.2667,4.7667
1606262400,538,2020-11-25,4.2242,4.7242
1606348800,539,2020-11-26,4.1888,4.6888
1606435200,540,2020-11-27,4.1613,4.6613
1606521600,541,2020-11-28,4.135,4.635
1606608000,542,2020-11-29,4.1196,4.6196
1606694400,543,2020-11-30,4.12,4.62
1606780800,544,2020-12-01,4.1125,4.6125
1606867200,545,2020-12-02,4.09,4.59
1606953600,546,2020-12-03,4.0792,4.5792
1607040000,547,2020-12-04,4.0871,4.5871
1607126400,548,2020-12-05,4.0404,4.5404
1607212800,549,2020-12-06,4.0225,4.5225
1607299200,550,2020-12-07,4.0038,4.5038
1607385600,551,2020-12-08,3.9992,4.4992
1607472000,552,2020-12-09,3.9929,4.4929
1607558400,553,2020-12-10,3.9696,4.4696
1607644800,554,2020-12-11,3.9654,4.4654
1607731200,555,2020-12-12,3.97,4.47
1607817600,556,2020-12-13,3.9538,4.4538
1607904000,557,2020-12-14,3.9325,4.4325
1607990400,558,2020-12-15,3.9508,4.4508
1608076800,559,2020-12-16,3.9958,4.4958
1608163200,560,2020-12-17,3.9838,4.4838
1608249600,561,2020-12-18,3.9771,4.4771
1608336000,562,2020-12-19,3.9921,4.4921
1608422400,563,2020-12-20,3.99,4.49
1608508800,564,2020-12-21,3.9983,4.4983
1608595200,565,2020-12-22,4.0213,4.5213
1608681600,566,2020-12-23,4.1025,4.6025
1608768000,567,2020-12-24,4.1496,4.6496
1608854400,568,2020-12-25,4.1121,4.6121
1608940800,569,2020-12-26,4.1442,4.6442
1609027200,570,2020-12-27,4.18,4.68
1609113600,571,2020-12-28,4.1604,4.6604
1609200000,572,2020-12-29,4.1354,4.6354
1609286400,573,2020-12-30,4.1771,4.6771
1609372800,574,2020-12-31,4.2025,4.7025
1609459200,575,2021-01-01,4.1667,4.6667
1609545600,576,2021-01-02,4.0346,4.5346
1609632000,577,2021-01-03,3.9933,4.4933
1609718400,578,2021-01-04,3.9992,4.4992
1609804800,579,2021-01-05,4.05,4.55
1609891200,580,2021-01-06,4.1292,4.6292
1609977600,581,2021-01-07,4.1696,4.6696
1610064000,582,2021-01-08,4.1904,4.6904
1610150400,583,2021-01-09,4.1771,4.6771
1610236800,584,2021-01-10,3.9633,4.4633
1610323200,585,2021-01-11,2.2288,2.7288
1610409600,586,2021-01-12,4.1321,4.6321
1610496000,587,2021-01-13,4.1696,4.6696
1610582400,588,2021-01-14,4.1767,4.6767
1610668800,589,2021-01-15,4.1742,4.6742
1610755200,590,2021-01-16,4.17,4.67
1610841600,591,2021-01-17,3.1129,3.6129
1610928000,592,2021-01-18,2.0254,2.5254
1611014400,593,2021-01-19,4.03,4.53
1611100800,594,2021-01-20,4.0283,4.5283
1611187200,595,2021-01-21,4.0721,4.5721
1611273600,596,2021-01-22,4.1625,4.6625
1611360000,597,2021-01-23,4.2142,4.7142
1611446400,598,2021-01-24,4.2817,4.7817
1611532800,599,2021-01-25,4.3967,4.8967
1611619200,600,2021-01-26,4.4892,4.9892
1611705600,601,2021-01-27,4.5317,5.0317
1611792000,602,2021-01-28,4.4808,4.9808
1611878400,603,2021-01-29,2.7937,3.2937
1611964800,604,2021-01-30,0.7513,1.2513
1612051200,605,2021-01-31,1.9521,2.4521
1612137600,606,2021-02-01,2.6446,3.1446
1612224000,607,2021-02-02,4.9379,5.4379
1612310400,608,2021-02-03,4.9921,5.4921
1612396800,609,2021-02-04,5.0808,5.5808
1612483200,610,2021-02-05,5.3746,5.8746
1612569600,611,2021-02-06,5.2837,5.7837
1612656000,612,2021-02-07,0.0,0.5
1612742400,613,2021-02-08,0.0,0.5
1612828800,614,2021-02-09,0.2504,0.7504
1612915200,615,2021-02-10,0.9962,1.4962
1613001600,616,2021-02-11,0.0,0.5
1613088000,617,2021-02-12,0.0,0.5
1613174400,618,2021-02-13,1.4212,1.9212
1613260800,619,2021-02-14,2.095,2.595
1613347200,620,2021-02-15,2.0621,2.5621
1613433600,621,2021-02-16,2.7196,3.2196
1613520000,622,2021-02-17,5.4137,5.9137
1613606400,623,2021-02-18,5.4279,5.9279
1613692800,624,2021-02-19,5.4887,5.9887
1613779200,625,2021-02-20,5.6262,6.1262
1613865600,626,2021-02-21,5.7413,6.2413
1613952000,627,2021-02-22,5.7838,6.2838
1614038400,628,2021-02-23,5.8029,6.3029
1614124800,629,2021-02-24,5.8225,6.3225
1614211200,630,2021-02-25,5.8217,6.3217
1614297600,631,2021-02-26,5.8079,6.3079
1614384000,632,2021-02-27,5.7508,6.2508
1614470400,633,2021-02-28,5.7,6.2
1614556800,634,2021-03-01,5.6742,6.1742
1614643200,635,2021-03-02,5.615,6.115
1614729600,636,2021-03-03,5.5617,6.0617
1614816000,637,2021-03-04,5.4875,5.9875
1614902400,638,2021-03-05,5.3971,5.8971
1614988800,639,2021-03-06,3.3258,3.8258
1615075200,640,2021-03-07,5.3054,5.8054
1615161600,641,2021-03-08,5.2533,5.7533
1615248000,642,2021-03-09,3.2508,3.7508
1615334400,643,2021-03-10,4.5296,5.0296
1615420800,644,2021-03-11,5.1408,5.6408
1615507200,645,2021-03-12,5.1033,5.6033
1615593600,646,2021-03-13,5.0754,5.5754
1615680000,647,2021-03-14,5.0225,5.5225
1615766400,648,2021-03-15,4.7604,5.2604
1615852800,649,2021-03-16,4.3292,4.8292
1615939200,650,2021-03-17,4.9454,5.4454
1616025600,651,2021-03-18,4.9267,5.4267
1616112000,652,2021-03-19,4.9017,5.4017
1616198400,653,2021-03-20,4.8521,5.3521
1616284800,654,2021-03-21,4.7933,5.2933
1616371200,655,2021-03-22,4.7558,5.2558
1616457600,656,2021-03-23,4.74,5.24
1616544000,657,2021-03-24,4.34,4.84
1616630400,658,2021-03-25,4.7129,5.2129
1616716800,659,2021-03-26,4.4992,4.9992
1616803200,660,2021-03-27,4.6888,5.1888
1616889600,661,2021-03-28,4.67,5.17
1616976000,662,2021-03-29,4.6663,5.1663
1617062400,663,2021-03-30,4.6954,5.1954
1617148800,664,2021-03-31,4.5317,5.0317
1617235200,665,2021-04-01,3.5475,4.0475
1617321600,666,2021-04-02,4.6979,5.1979
1617408000,667,2021-04-03,4.6517,5.1517
1617494400,668,2021-04-04,4.5958,5.0958
1617580800,669,2021-04-05,3.2238,3.7238
1617667200,670,2021-04-06,4.5167,5.0167
1617753600,671,2021-04-07,4.4758,4.9758
1617840000,672,2021-04-08,4.4863,4.9863
1617926400,673,2021-04-09,4.5217,5.0217
1618012800,674,2021-04-10,4.5171,5.0171
1618099200,675,2021-04-11,4.4679,4.9679
1618185600,676,2021-04-12,4.415,4.915
1618272000,677,2021-04-13,4.3917,4.8917
1618358400,678,2021-04-14,4.3946,4.8946
1618444800,679,2021-04-15,4.4254,4.9254
1618531200,680,2021-04-16,4.4271,4.9271
1618617600,681,2021-04-17,4.4342,4.9342
1618704000,682,2021-04-18,4.4029,4.9029
1618790400,683,2021-04-19,4.3683,4.8683
1618876800,684,2021-04-20,4.3796,4.8796
1618963200,685,2021-04-21,4.42,4.92
1619049600,686,2021-04-22,4.4271,4.9271
1619136000,687,2021-04-23,4.4137,4.9137
1619222400,688,2021-04-24,4.3921,4.8921
1619308800,689,2021-04-25,4.3288,4.8288
1619395200,690,2021-04-26,4.2787,4.7787
1619481600,691,2021-04-27,4.2121,4.7121
1619568000,692,2021-04-28,4.1825,4.6825
1619654400,693,2021-04-29,4.1767,4.6767
1619740800,694,2021-04-30,4.1696,4.6696
1619827200,695,2021-05-01,4.1425,4.6425
1619913600,696,2021-05-02,4.1779,4.6779
1620000000,697,2021-05-03,4.3975,4.8975
1620086400,698,2021-05-04,4.6117,5.1117
1620172800,699,2021-05-05,4.6258,5.1258
1620259200,700,2021-05-06,4.6083,5.1083
1620345600,701,2021-05-07,4.5708,5.0708
1620432000,702,2021-05-08,4.585,5.085
1620518400,703,2021-05-09,4.5558,5.0558
1620604800,704,2021-05-10,4.5121,5.0121
1620691200,705,2021-05-11,4.4542,4.9542
1620777600,706,2021-05-12,4.4154,4.9154
1620864000,707,2021-05-13,4.4842,4.9842
1620950400,708,2021-05-14,4.6571,5.1571
1621036800,709,2021-05-15,5.0046,5.5046
1621123200,710,2021-05-16,5.3267,5.8267
1621209600,711,2021-05-17,5.49,5.99
1621296000,712,2021-05-18,5.5529,6.0529
1621382400,713,2021-05-19,5.5392,6.0392
1621468800,714,2021-05-20,5.4767,5.9767
1621555200,715,2021-05-21,5.4504,5.9504
1621641600,716,2021-05-22,5.4192,5.9192
1621728000,717,2021-05-23,5.3412,5.8412
1621814400,718,2021-05-24,5.2629,5.7629
1621900800,719,2021-05-25,5.2042,5.7042
1621987200,720,2021-05-26,5.1417,5.6417
1622073600,721,2021-05-27,5.1025,5.6025
1622160000,722,2021-05-28,5.0488,5.5488
1622246400,723,2021-05-29,4.9925,5.4925
1622332800,724,2021-05-30,4.9383,5.4383
1622419200,725,2021-05-31,4.8763,5.3763
1622505600,726,2021-06-01,4.8321,5.3321
1622592000,727,2021-06-02,4.7854,5.2854
1622678400,728,2021-06-03,4.7104,5.2104
1622764800,729,2021-06-04,4.6162,5.1162
1622851200,730,2021-06-05,4.5058,5.0058
1622937600,731,2021-06-06,4.3742,4.8742
1623024000,732,2021-06-07,4.3225,4.8225
1623110400,733,2021-06-08,4.2758,4.7758
1623196800,734,2021-06-09,4.2075,4.7075
1623283200,735,2021-06-10,4.1713,4.6713
1623369600,736,2021-06-11,4.1588,4.6588
1623456000,737,2021-06-12,4.1354,4.6354
1623542400,738,2021-06-13,4.1083,4.6083
1623628800,739,2021-06-14,4.1021,4.6021
1623715200,740,2021-06-15,4.0796,4.5796
1623801600,741,2021-06-16,4.0529,4.5529
1623888000,742,2021-06-17,4.025,4.525
1623974400,743,2021-06-18,3.9663,4.4663
1624060800,744,2021-06-19,3.9167,4.4167
1624147200,745,2021-06-20,3.8808,4.3808
1624233600,746,2021-06-21,3.8396,4.3396
1624320000,747,2021-06-22,3.8125,4.3125
1624406400,748,2021-06-23,3.9479,4.4479
1624492800,749,2021-06-24,4.0892,4.5892
1624579200,750,2021-06-25,4.3538,4.8538
1624665600,751,2021-06-26,4.5821,5.0821
1624752000,752,2021-06-27,4.7217,5.2217
1624838400,753,2021-06-28,4.7008,5.2008
1624924800,754,2021-06-29,4.6579,5.1579
1625011200,755,2021-06-30,4.6471,5.1471
1625097600,756,2021-07-01,4.7338,5.2338
1625184000,757,2021-07-02,4.8329,5.3329
1625270400,758,2021-07-03,4.6083,5.1083
1625356800,759,2021-07-04,4.5279,5.0279
1625443200,760,2021-07-05,4.2679,4.7679
1625529600,761,2021-07-06,4.2062,4.7062
1625616000,762,2021-07-07,4.5308,5.0308
1625702400,763,2021-07-08,4.3362,4.8362
1625788800,764,2021-07-09,4.4092,4.9092
1625875200,765,2021-07-10,4.445,4.945
1625961600,766,2021-07-11,4.0725,4.5725
1626048000,767,2021-07-12,5.0317,5.5317
1626134400,768,2021-07-13,5.2567,5.7567
1626220800,769,2021-07-14,5.3346,5.8346
1626307200,770,2021-07-15,5.4083,5.9083
1626393600,771,2021-07-16,5.5096,6.0096
1626480000,772,2021-07-17,5.5696,6.0696
1626566400,773,2021-07-18,5.6463,6.1463
1626652800,774,2021-07-19,5.5979,6.0979
1626739200,775,2021-07-20,2.585,3.085
1626825600,776,2021-07-21,3.9012,4.4012
1626912000,777,2021-07-22,5.1442,5.6442
1626998400,778,2021-07-23,5.2338,5.7338
1627084800,779,2021-07-24,5.1108,5.6108
1627171200,780,2021-07-25,4.9892,5.4892
1627257600,781,2021-07-26,4.0325,4.5325
1627344000,782,2021-07-27,3.58,4.08
1627430400,783,2021-07-28,4.1804,4.6804
1627516800,784,2021-07-29,1.3896,1.8896
1627603200,785,2021-07-30,2.3454,2.8454
1627689600,786,2021-07-31,3.6812,4.1812
1627776000,787,2021-08-01,0.385,0.885
1627862400,788,2021-08-02,0.0,0.5
1627948800,789,2021-08-03,0.0,0.5
1628035200,790,2021-08-04,0.0,0.5
1628121600,791,2021-08-05,0.0,0.5
1628208000,792,2021-08-06,0.0,0.5
1628294400,793,2021-08-07,0.0,0.5
1628380800,794,2021-08-08,0.0,0.5
1628467200,795,2021-08-09,0.3842,0.8842
1628553600,796,2021-08-10,0.3842,0.8842
1628640000,797,2021-08-11,0.5812,1.0812
1628726400,798,2021-08-12,0.5846,1.0846
1628812800,799,2021-08-13,1.5275,2.0275
1628899200,800,2021-08-14,2.4367,2.9367
1628985600,801,2021-08-15,0.7325,1.2325
1629072000,802,2021-08-16,0.0,0.5
1629158400,803,2021-08-17,0.0,0.5
1629244800,804,2021-08-18,0.0,0.5
1629331200,805,2021-08-19,0.0,0.5
1629417600,806,2021-08-20,0.0,0.5
1629504000,807,2021-08-21,0.0,0.5
1629590400,808,2021-08-22,0.0,0.5
1629676800,809,2021-08-23,0.0,0.5
1629763200,810,2021-08-24,0.0,0.5
1629849600,811,2021-08-25,0.0,0.5
1629936000,812,2021-08-26,0.0,0.5
1630022400,813,2021-08-27,1.2479,1.7479
1630108800,814,2021-08-28,4.2962,4.7962
1630195200,815,2021-08-29,4.3138,4.8138
1630281600,816,2021-08-30,4.3042,4.8042
1630368000,817,2021-08-31,4.3187,4.8187
1630454400,818,2021-09-01,4.3883,4.8883
1630540800,819,2021-09-02,4.4371,4.9371
1630627200,820,2021-09-03,4.4617,4.9617
1630713600,821,2021-09-04,4.4146,4.9146
1630800000,822,2021-09-05,4.3617,4.8617
1630886400,823,2021-09-06,4.2533,4.7533
1630972800,824,2021-09-07,4.2,4.7
1631059200,825,2021-09-08,4.2592,4.7592
1631145600,826,2021-09-09,4.2583,4.7583
1631232000,827,2021-09-10,4.1925,4.6925
1631318400,828,2021-09-11,4.0988,4.5988
1631404800,829,2021-09-12,4.0383,4.5383
1631491200,830,2021-09-13,4.0167,4.5167
1631577600,831,2021-09-14,3.9875,4.4875
1631664000,832,2021-09-15,4.0175,4.5175
1631750400,833,2021-09-16,4.0142,4.5142
1631836800,834,2021-09-17,3.9971,4.4971
1631923200,835,2021-09-18,4.01,4.51
1632009600,836,2021-09-19,3.9921,4.4921
1632096000,837,2021-09-20,3.9504,4.4504
1632182400,838,2021-09-21,3.9312,4.4312
1632268800,839,2021-09-22,3.9142,4.4142
1632355200,840,2021-09-23,3.9033,4.4033
1632441600,841,2021-09-24,3.8937,4.3937
1632528000,842,2021-09-25,3.8767,4.3767
1632614400,843,2021-09-26,3.8708,4.3708
1632700800,844,2021-09-27,3.5108,4.0108
1632787200,845,2021-09-28,1.7717,2.2717
1632873600,846,2021-09-29,2.9221,3.4221
1632960000,847,2021-09-30,2.4475,2.9475
1633046400,848,2021-10-01,3.9242,4.4242
1633132800,849,2021-10-02,3.9217,4.4217
1633219200,850,2021-10-03,3.2708,3.7708
1633305600,851,2021-10-04,3.2396,3.7396
1633392000,852,2021-10-05,2.3988,2.8988
1633478400,853,2021-10-06,3.06,3.56
1633564800,854,2021-10-07,3.1442,3.6442
1633651200,855,2021-10-08,4.0537,4.5537
1633737600,856,2021-10-09,3.05,3.55
1633824000,857,2021-10-10,3.3467,3.8467
1633910400,858,2021-10-11,3.9517,4.4517
1633996800,859,2021-10-12,3.9471,4.4471
1634083200,860,2021-10-13,3.6642,4.1642
1634169600,861,2021-10-14,4.0,4.5
1634256000,862,2021-10-15,3.6817,4.1817
1634342400,863,2021-10-16,2.8529,3.3529
1634428800,864,2021-10-17,2.01,2.51
1634515200,865,2021-10-18,2.1679,2.6679
1634601600,866,2021-10-19,0.8342,1.3342
1634688000,867,2021-10-20,0.1679,0.6679
1634774400,868,2021-10-21,0.0,0.5
1634860800,869,2021-10-22,1.1892,1.6892
1634947200,870,2021-10-23,0.0,0.5
1635033600,871,2021-10-24,0.0,0.5
1635120000,872,2021-10-25,0.0,0.5
1635206400,873,2021-10-26,0.0,0.5
1635292800,874,2021-10-27,0.0,0.5
1635379200,875,2021-10-28,1.0812,1.5812
1635465600,876,2021-10-29,0.0,0.5
1635552000,877,2021-10-30,0.0,0.5
1635638400,878,2021-10-31,0.545,1.045
1635724800,879,2021-11-01,0.0,0.5
1635811200,880,2021-11-02,0.0,0.5
1635897600,881,2021-11-03,0.0,0.5
1635984000,882,2021-11-04,0.0,0.5
1636070400,883,2021-11-05,0.0,0.5
1636156800,884,2021-11-06,0.0,0.5
1636243200,885,2021-11-07,0.0,0.5
1636329600,886,2021-11-08,0.0,0.5
1636416000,887,2021-11-09,0.0,0.5
1636502400,888,2021-11-10,0.0,0.5
1636588800,889,2021-11-11,0.0,0.5
1636675200,890,2021-11-12,0.0,0.5
1636761600,891,2021-11-13,0.0,0.5
1636848000,892,2021-11-14,0.0,0.5
1636934400,893,2021-11-15,0.0,0.5
1637020800,894,2021-11-16,0.0,0.5
1637107200,895,2021-11-17,0.0,0.5
